{
    "accuracy": [
        0.8207,
        0.9259,
        0.9459,
        0.9569,
        0.962,
        0.968,
        0.9705,
        0.9736,
        0.9712,
        0.9765
    ],
    "loss": [
        469.40392765402794,
        224.25396119058132,
        92.90406169742346,
        69.55113825388253,
        60.01223415136337,
        51.85155473276973,
        46.283737131394446,
        38.63104033935815,
        37.85201086709276,
        32.6564265426714
    ],
    "uplink": [
        25.690111999999857,
        25.690111999999857,
        25.690111999999857,
        25.690111999999857,
        25.690111999999857,
        25.690111999999857,
        25.690111999999857,
        25.690111999999857,
        25.690111999999857,
        25.690111999999857
    ],
    "downlink": [
        25.690111999999857,
        25.690111999999857,
        25.690111999999857,
        25.690111999999857,
        25.690111999999857,
        25.690111999999857,
        25.690111999999857,
        25.690111999999857,
        25.690111999999857,
        25.690111999999857
    ],
    "compute": [
        0.6422527999999984,
        0.6422527999999984,
        0.6422527999999984,
        0.6422527999999984,
        0.6422527999999984,
        0.6422527999999984,
        0.6422527999999984,
        0.6422527999999984,
        0.6422527999999984,
        0.6422527999999984
    ]
}