{
    "accuracy": [
        0.8148,
        0.9035,
        0.936,
        0.9566,
        0.963,
        0.9671,
        0.9711,
        0.9748,
        0.9758,
        0.977
    ],
    "loss": [
        467.2608151733875,
        233.14055901765823,
        96.65904490277171,
        70.91491224244237,
        54.66820635087788,
        47.47462043724954,
        43.60928503703326,
        37.97002876736224,
        36.255293127615005,
        32.01758084562607
    ],
    "uplink": [
        0.3721828906802392,
        0.34910625490219155,
        0.36410404957928477,
        0.3559432020378387,
        0.3683224249942098,
        0.3846487612968694,
        0.3792519331064376,
        0.3537861129746589,
        0.42236459829770795,
        0.4720954485791905
    ],
    "downlink": [
        0.4925147187183691,
        0.42949570181761226,
        0.4490429656712784,
        0.37444154690223014,
        0.39259420872050516,
        0.36480565150583333,
        0.3489011805406107,
        0.3701832368537529,
        0.6051572336735411,
        0.36270391247751405
    ],
    "compute": [
        0.6422527999999984,
        0.6422527999999984,
        0.6422527999999984,
        0.6422527999999984,
        0.6422527999999984,
        0.6422527999999984,
        0.6422527999999984,
        0.6422527999999984,
        0.6422527999999984,
        0.6422527999999984
    ]
}