{
    "accuracy": [
        0.2984,
        0.5208,
        0.6637,
        0.547,
        0.6679,
        0.6902,
        0.6627,
        0.8398,
        0.8003,
        0.8346
    ],
    "loss": [
        36.50149750709534,
        35.51329851150513,
        33.02780377864838,
        26.86040687561035,
        19.56957370042801,
        17.55381816625595,
        12.935011565685272,
        12.531171262264252,
        9.722977668046951,
        9.025213688611984
    ],
    "uplink": [
        0.005642844556730922,
        0.0055694901657743785,
        0.005731965379657133,
        0.005698929532680285,
        0.005165196546421894,
        0.005439558560020039,
        0.0052705479253273135,
        0.0067067836964909006,
        0.005218486881929717,
        0.005344272184783634
    ],
    "downlink": [
        0.005354491863882615,
        0.0049144329305131984,
        0.005454670469319461,
        0.005574443787174829,
        0.0055116338863379945,
        0.005478217063485177,
        0.0052671650136727755,
        0.004933108435723272,
        0.005018488018128004,
        0.006143289791601251
    ],
    "compute": [
        0.03211264000000001,
        0.03211264000000001,
        0.03211264000000001,
        0.03211264000000001,
        0.03211264000000001,
        0.03211264000000001,
        0.03211264000000001,
        0.03211264000000001,
        0.03211264000000001,
        0.03211264000000001
    ]
}