{
    "accuracy": [
        0.3441,
        0.106,
        0.4278,
        0.4053,
        0.5021,
        0.5537,
        0.6639,
        0.7079,
        0.681,
        0.7487
    ],
    "loss": [
        36.707292556762695,
        36.130645751953125,
        35.199864625930786,
        32.24404752254486,
        26.164886713027954,
        20.49366170167923,
        16.58996331691742,
        14.517522096633911,
        11.250713467597961,
        10.474382743239403
    ],
    "uplink": [
        1.2845055999999997,
        1.2845055999999997,
        1.2845055999999997,
        1.2845055999999997,
        1.2845055999999997,
        1.2845055999999997,
        1.2845055999999997,
        1.2845055999999997,
        1.2845055999999997,
        1.2845055999999997
    ],
    "downlink": [
        1.2845055999999997,
        1.2845055999999997,
        1.2845055999999997,
        1.2845055999999997,
        1.2845055999999997,
        1.2845055999999997,
        1.2845055999999997,
        1.2845055999999997,
        1.2845055999999997,
        1.2845055999999997
    ],
    "compute": [
        0.03211264000000001,
        0.03211264000000001,
        0.03211264000000001,
        0.03211264000000001,
        0.03211264000000001,
        0.03211264000000001,
        0.03211264000000001,
        0.03211264000000001,
        0.03211264000000001,
        0.03211264000000001
    ]
}